"gtype.14","gtype.15","gtype.18","gtype.26","gtype.43","gtype.50","gtype.57","gtype.72","gtype.87","gtype.90","gtype.92","gtype.100","gtype.104","gtype.116","gtype.119","gtype.123","gtype.126","gtype.139","gtype.143","long","rec"
"2","0","2","2","0","2","0","0","2","0","0","0","2","2","2","2","2","0","2",3.839,15.101
"0","1","0","2","0","0","0","0","0","0","2","1","2","1","1","2","0","2","2",8.962,9.905
"0","0","0","0","0","2","0","0","2","2","2","0","2","0","0","0","0","0","2",10.64,10.335
"0","2","0","0","0","0","0","2","1","2","0","1","2","0","0","0","0","2","2",6.309,10.795
"0","0","0","2","0","2","2","2","2","0","2","1","2","0","0","2","2","0","0",10.615,6.693
"0","0","2","0","0","2","0","2","2","0","0","0","2","0","2","2","2","0","0",2.369,10.301
"0","0","0","2","0","0","0","0","0","0","2","0","2","2","2","0","0","2","2",5.986,13.182
"0","0","0","2","0","0","2","0","2","2","2","1","0","0","0","2","0","0","2",1.586,2.654
"0","0","0","0","2","0","2","0","2","0","2","0","0","2","0","0","2","2","0",3.107,11.775
"2","0","0","0","2","0","0","0","0","0","2","0","2","0","0","0","0","0","2",-1.442,14.143
"0","0","2","0","0","0","0","2","0","0","2","0","2","0","0","0","2","0","2",11.161,16.469
"2","0","0","2","0","0","1","0","0","0","0","0","2","0","0","0","0","0","2",5.194,10.904
"0","2","2","2","0","0","2","0","0","2","0","1","0","2","0","0","0","0","0",10.991,14
"0","2","0","2","0","0","0","0","0","2","2","2","0","2","0","0","2","0","2",7.527,12.3
"0","2","0","2","2","0","0","0","1","2","0","2","0","2","0","0","0","2","2",4.999,12.629
"0","0","2","0","0","2","0","2","2","0","0","0","2","0","0","2","2","0","0",4.052,16.336
"0","0","2","2","2","0","1","0","0","0","2","0","2","2","0","0","2","0","2",6.762,11.213
"0","0","0","0","0","0","0","0","0","2","2","2","2","0","0","2","0","2","0",3.884,15.682
"0","1","1","2","1","0","0","0","0","0","0","2","0","0","0","1","0","0","0",4.742,13.883
"0","0","2","2","2","0","0","0","0","2","2","0","0","0","0","2","0","0","2",5.355,13.164
"2","0","0","0","2","0","0","0","0","0","2","0","2","0","0","0","0","0","2",1.407,9.014
"2","2","2","0","0","0","0","0","2","0","0","0","0","2","2","2","0","0","0",5.287,7.279
"0","2","2","0","2","2","0","0","0","2","2","0","2","0","0","0","0","2","0",9.646,12.904
"0","2","2","2","0","0","0","0","1","0","0","2","0","0","0","0","0","0","2",1.864,11.036
"0","2","0","2","0","0","0","0","2","0","2","1","2","0","0","1","0","1","2",6.646,8.573
"2","2","2","0","0","0","0","0","2","0","0","0","0","2","2","2","0","0","0",11.175,10.398
"0","0","0","2","2","0","2","2","0","0","2","2","0","0","0","0","0","0","2",8.288,11.058
"0","2","0","0","2","0","0","2","1","0","0","2","0","2","0","2","2","0","2",5.379,8.684
"2","0","0","2","0","0","0","0","0","2","2","1","2","2","0","2","0","0","2",0.303,6.748
"0","0","0","0","0","0","0","0","0","0","0","0","2","0","2","2","2","0","0",14.997,20.27
"0","0","0","0","0","0","0","0","2","2","0","0","2","0","0","2","0","2","2",4.025,12.556
"0","2","0","2","0","0","0","2","0","0","2","2","0","0","0","0","0","2","0",9.945,11.77
"0","0","0","2","0","0","0","2","0","0","0","0","2","2","2","0","0","0","2",12.068,9.431
"0","0","0","0","2","0","2","2","1","0","2","0","0","0","0","0","0","0","2",10.251,15.411
"0","0","0","2","0","0","2","2","2","2","2","0","2","0","2","0","2","0","0",11.476,14.165
"0","0","0","2","0","0","0","0","0","0","2","0","2","2","2","2","0","2","0",8.387,12.711
"0","2","2","2","0","0","0","0","0","2","2","0","0","0","0","0","0","2","0",4.925,12.857
"0","0","0","0","0","0","0","0","0","0","0","0","0","0","0","0","0","0","0",5.482,13.533
"2","0","0","0","0","0","0","0","0","0","2","0","2","2","0","0","2","0","0",5.624,10.38
"0","0","2","0","0","2","0","2","2","0","0","0","0","2","2","0","2","0","0",0.539,15.36
"2","0","0","0","0","0","2","2","2","0","2","1","2","0","0","0","2","0","0",4.827,16.986
"2","2","0","0","0","2","2","2","2","0","0","1","0","2","0","0","2","0","0",0.763,13.413
"0","0","0","2","0","0","1","2","1","0","2","0","0","1","0","0","0","0","2",7.298,12.403
"0","2","0","2","2","0","0","2","0","2","0","0","0","0","0","0","0","2","0",11.669,11.261
"0","2","0","2","0","0","0","0","0","0","0","0","2","0","0","2","0","0","2",5.186,12.168
"0","0","0","2","0","0","0","0","0","0","2","0","2","2","0","0","0","2","2",4.076,11.932
"0","0","0","0","0","0","0","0","1","0","2","0","2","0","0","0","0","0","0",7.76,13.473
"2","2","2","0","0","0","0","0","2","0","0","0","0","2","2","2","0","0","0",8.75,17.623
"2","2","2","0","0","0","0","0","2","0","0","0","0","2","2","2","0","0","0",5.142,9.559
"0","2","0","2","0","0","0","0","0","0","0","2","0","0","0","2","2","0","2",7.79,14.203
"2","2","2","0","0","0","0","0","2","0","0","0","0","2","2","2","0","0","0",8.369,16.689
"0","2","0","0","0","0","0","0","0","2","2","0","0","0","0","0","0","0","2",6.36,13.9
"0","0","0","2","0","0","0","0","0","0","2","0","2","2","2","0","0","2","2",8.062,8.142
"0","0","0","0","0","0","2","0","2","0","2","2","2","0","0","0","2","0","2",8.822,14.609
"2","1","0","0","0","2","0","2","2","0","0","2","0","2","0","0","0","0","0",7.583,6.148
"0","0","0","0","0","0","0","0","0","2","0","0","2","0","0","2","2","0","0",6.994,4.897
"0","0","0","0","0","0","2","2","0","0","0","0","0","2","0","2","2","0","2",9.584,6.214
"0","2","0","0","0","0","0","0","0","0","2","0","2","0","0","0","2","0","0",5.678,12.902
"2","2","2","0","0","0","0","2","0","0","2","0","0","2","0","0","2","0","0",6.1,7.97
"2","2","2","0","0","2","2","0","2","2","2","2","0","0","2","0","0","2","2",8.569,14.598
"0","0","0","0","2","0","2","2","1","0","0","0","0","0","0","2","2","2","0",7.238,8.931
"0","0","0","0","0","0","0","0","0","2","0","0","2","0","0","2","0","2","2",10.093,13.532
"0","0","0","0","0","0","0","2","0","0","2","2","0","0","2","0","2","0","0",11.349,15.298
"0","0","0","0","2","2","2","2","0","0","0","0","2","0","2","2","2","0","0",17.952,13.249
"0","0","0","2","0","0","0","0","0","0","2","0","2","0","0","2","0","2","2",1.958,12.427
"2","2","2","2","0","2","0","0","0","0","2","0","0","2","0","0","0","2","0",7.512,9.887
"2","2","0","0","0","2","2","2","1","0","0","1","0","2","0","0","2","0","0",5.538,11.65
"2","2","2","2","2","0","1","0","1","0","0","2","0","0","0","0","2","2","0",12.074,8.725
"0","0","2","0","0","0","0","0","0","0","0","0","0","0","2","0","2","0","2",8.014,8.246
"0","2","0","0","0","0","0","2","1","0","2","1","2","2","0","0","2","0","2",8.115,3.6
"0","0","0","0","0","0","0","0","2","2","0","0","2","0","0","2","0","2","2",9.841,17.635
"0","2","0","0","2","0","0","2","0","0","0","2","0","2","0","2","2","0","2",4.454,17.511
"0","2","0","2","2","0","0","0","1","0","0","1","2","0","0","0","0","2","2",7.081,10.899
"2","2","2","0","0","0","0","0","2","0","0","0","0","2","2","2","0","0","0",2.62,13.847
"1","2","0","2","0","2","0","0","2","0","0","1","0","2","0","0","0","0","0",2.38,19.151
"0","2","0","0","1","0","0","0","1","0","0","2","0","2","0","2","0","0","1",3.919,10.569
"0","0","0","0","0","0","0","2","0","0","2","0","0","0","0","0","2","0","2",5.441,5.86
"0","0","2","2","2","0","0","0","0","2","2","0","0","0","0","0","0","0","0",0.37,12.85
"0","0","2","2","0","0","0","0","2","2","2","1","2","2","0","0","0","0","0",8.864,8.665
"0","2","0","0","0","0","0","2","2","2","2","1","0","2","0","0","2","0","2",6.351,10.892
"0","0","0","0","0","0","2","0","2","2","2","0","2","0","2","2","2","0","0",1.292,11.359
"0","2","0","0","0","0","0","2","2","0","0","2","0","2","0","2","2","0","2",3.511,17.895
"0","0","0","0","0","2","0","2","2","0","2","1","2","0","2","0","2","0","2",5.056,11.452
"0","0","0","0","0","0","0","0","0","0","0","0","0","0","0","0","0","0","0",6.543,12.342
"0","0","0","0","2","0","2","0","1","0","2","2","2","0","0","0","0","0","0",5.751,9.939
"0","0","2","0","0","0","2","2","0","0","2","1","0","2","0","2","0","0","0",0.28,9.737
"0","2","2","2","2","0","0","0","0","0","0","2","2","0","0","0","0","0","0",10.879,15.392
"0","0","0","0","0","0","0","2","2","0","2","0","2","0","2","0","2","0","0",-2.465,9.58
"2","2","2","0","0","0","0","0","2","0","0","0","0","2","2","2","0","0","0",5.254,13.595
"2","2","0","0","0","2","0","2","2","0","0","2","0","2","0","0","0","0","0",6.921,10.139
"0","0","0","2","0","0","0","0","0","2","2","1","2","0","2","0","0","0","2",11.512,12.414
"2","0","0","0","0","2","1","0","1","0","2","0","0","2","0","0","2","0","0",5.072,13.632
"0","0","0","2","0","0","2","0","0","0","0","2","0","0","0","2","0","0","2",4.732,16.954
"0","0","2","2","0","0","0","0","2","0","2","0","2","0","0","0","2","0","0",6.372,13.742
"0","2","0","0","0","0","2","2","1","0","0","1","0","2","0","2","2","0","2",9.861,9.613
"0","2","0","0","0","2","2","2","2","0","0","1","0","2","0","2","2","0","2",2.649,11.972
"2","2","2","2","2","0","0","0","0","0","0","0","2","0","0","2","0","2","0",8.56,8.271
"0","0","0","0","0","0","0","0","0","2","0","1","0","2","0","0","0","0","0",4.624,14.714
"0","0","2","0","0","2","0","0","2","0","2","0","0","0","0","2","0","0","2",8.38,7.64
"2","2","2","0","0","0","0","0","2","0","0","0","0","2","2","2","0","0","0",5.535,13.696
"2","0","0","0","0","0","2","2","0","0","2","1","2","0","0","0","2","2","0",8.411,9.498
"0","2","0","0","0","0","0","0","0","2","0","0","2","0","0","0","0","0","2",4.937,12.398
"0","0","0","2","0","0","0","0","0","0","0","1","2","0","2","0","0","2","2",8.621,11.91
"0","0","0","2","0","0","0","2","0","2","2","0","0","0","0","0","0","0","0",6.538,14.222
"0","2","0","2","0","0","0","0","2","2","0","0","0","0","0","2","0","0","0",6.17,7.394
"2","0","0","2","2","0","1","2","0","0","0","0","0","0","0","2","2","0","2",10.529,14.003
"0","0","0","2","1","0","2","2","0","2","2","2","0","0","2","0","0","0","0",5.71,10.265
"0","2","0","0","0","0","0","2","0","0","2","0","2","0","2","0","2","0","0",8.257,9.936
"0","0","2","0","0","2","2","0","2","0","0","0","0","2","2","2","2","0","0",7.285,12.649
"2","2","0","0","0","0","0","0","1","2","2","1","0","2","0","2","0","0","2",10.552,12.701
"0","0","0","0","0","0","0","0","0","2","0","0","2","0","0","2","0","2","2",8.762,12.581
"0","0","2","2","0","0","0","0","1","2","0","0","2","0","0","0","0","0","2",8.219,10.633
"0","0","0","2","0","0","0","0","0","0","2","1","1","0","0","2","0","0","0",11.224,11.006
"0","0","0","0","0","0","1","0","0","0","2","0","2","0","0","0","2","0","2",2.472,11.887
"2","1","0","0","0","2","0","2","2","0","0","2","0","2","0","0","0","0","0",4.61,14.881
"0","0","2","0","0","0","2","2","2","0","0","1","2","0","0","2","2","2","0",7.963,15.572
"0","0","2","0","0","0","0","2","0","0","2","0","2","0","0","0","2","0","2",-11.667,9.439
"0","2","2","0","2","2","0","0","0","0","0","0","2","0","0","0","0","2","2",12.298,8.801
"0","0","0","0","0","2","0","2","0","0","2","1","2","0","2","0","2","0","2",5.263,20.498
"0","2","2","2","0","0","0","0","2","2","0","0","2","0","2","2","2","2","0",10.751,10.792
"0","2","2","2","0","0","0","0","0","2","2","2","2","0","0","0","2","0","0",10.788,15.102
"0","2","0","0","2","0","0","0","1","2","2","0","0","0","0","2","0","0","2",11.704,13.593
"0","0","0","0","0","2","0","0","2","2","2","0","2","2","0","0","0","0","2",2.292,15.493
"0","0","2","2","0","1","0","2","0","0","0","1","2","0","2","0","0","0","0",4.582,13.95
"0","0","0","2","0","0","0","2","0","0","2","2","0","0","0","0","0","0","2",15.943,13.075
"2","0","0","0","0","0","2","2","1","0","2","2","0","0","0","2","2","2","0",11.788,16.402
"0","0","0","0","0","0","0","0","2","2","2","0","2","0","0","0","0","0","2",4.806,7.189
"0","2","2","2","0","0","0","0","0","2","2","2","2","0","2","0","2","0","0",4.622,18.652
"0","0","0","0","2","0","0","2","0","0","0","1","0","0","0","2","2","0","0",1.678,20.251
"0","0","0","0","0","0","2","2","2","0","2","1","0","0","0","0","0","0","0",8.342,13.247
"0","0","0","0","0","0","0","0","0","0","0","0","0","0","0","0","0","0","0",3.106,13.541
"0","0","2","2","0","2","2","2","0","0","0","1","0","0","0","2","0","0","0",1.442,13.832
"2","2","2","0","0","0","0","0","2","0","0","0","0","2","2","2","0","0","0",5.291,8.206
"2","2","2","0","0","0","0","0","2","0","0","0","0","2","2","2","0","0","0",5.103,17.404
"0","2","0","0","0","2","0","2","0","0","0","1","0","0","0","2","2","0","2",3.938,12.524
"2","0","0","0","0","0","0","0","0","0","2","0","2","2","0","0","2","0","0",12.833,13.971
"0","2","0","0","2","0","0","2","0","2","2","0","2","0","0","0","0","2","2",3.579,16.555
"0","0","2","0","0","0","0","2","0","2","0","1","0","2","0","0","2","2","0",6.484,12.032
"0","2","0","2","0","0","2","0","2","0","0","0","0","0","0","2","0","0","2",9.791,11.365
"0","0","0","0","0","0","2","0","2","2","2","0","2","0","2","2","2","0","0",5.532,14.34
"0","0","0","2","0","0","0","2","0","0","0","2","0","2","2","0","2","0","0",4.662,9.849
"0","0","2","0","0","0","2","0","2","0","0","0","2","0","0","0","0","2","2",13.687,15.949
"0","0","0","0","2","0","0","0","0","2","2","0","2","0","0","0","0","0","2",5.36,7.972
"0","0","2","2","0","0","2","0","0","2","2","0","0","0","2","0","0","0","2",15.777,11.086
"0","0","2","2","0","0","0","0","2","0","2","1","2","2","0","0","0","0","0",4.346,11.696
"0","0","0","0","0","0","0","0","0","0","0","0","2","0","2","2","2","0","0",8.014,14.002
"0","0","0","0","0","0","0","2","1","0","2","1","2","0","0","2","2","2","0",6.093,15.247
"0","2","0","0","0","0","0","0","0","0","2","2","0","0","0","0","0","0","0",12.091,10.591
"0","2","2","2","2","0","2","2","1","0","0","0","0","0","0","0","0","2","2",5.669,10.142
"0","0","2","0","0","0","0","2","0","0","0","0","0","0","0","0","0","0","0",9.254,13.357
"2","2","0","2","2","0","1","0","1","0","2","1","0","0","0","0","0","0","0",11.76,11.698
"0","0","0","2","0","0","0","0","0","0","2","0","0","2","0","0","0","2","2",17.565,12.123
"2","2","0","0","2","0","2","0","0","0","2","2","0","0","0","0","0","0","0",9.761,21.757
"0","0","0","0","0","0","0","0","1","2","0","0","2","0","0","2","0","2","2",6.77,16.241
"0","0","2","0","0","2","0","0","0","0","2","0","2","2","0","0","0","0","0",9.897,17.484
"0","0","0","2","0","0","0","0","0","0","2","1","2","2","2","2","0","2","0",10.924,11.169
"0","2","0","2","0","0","0","0","0","0","2","1","0","0","0","2","2","0","0",6.359,13.707
"0","0","0","2","2","0","0","2","0","0","2","0","2","0","2","2","2","0","0",5.264,14.076
"2","0","2","2","0","0","0","0","1","0","0","0","2","0","0","0","2","2","0",-3.919,12.42
"0","1","0","0","2","0","0","2","1","2","0","0","2","0","0","0","0","2","2",6.71,13.663
"0","2","0","2","2","2","0","0","1","0","2","0","0","0","0","2","0","2","2",2.333,10.567
"0","0","0","2","0","0","0","2","0","0","0","1","2","0","0","2","0","0","2",0.87,16.235
"2","0","0","2","0","2","0","2","0","2","2","1","2","0","2","2","0","0","0",11.181,13.059
"0","2","0","2","0","0","0","0","0","2","2","2","0","2","0","0","2","0","2",5.511,14.328
"0","2","2","0","0","2","2","2","0","0","0","1","0","2","0","2","0","0","0",5.428,10.71
"0","2","2","2","2","0","0","0","0","0","0","0","0","0","0","0","0","2","2",7.044,7.137
"0","2","0","0","0","0","1","2","0","0","0","1","0","2","0","2","2","0","2",10.769,7.935
"0","0","0","2","0","0","0","0","0","0","1","1","2","0","2","2","2","0","0",5.836,10.052
"0","0","2","2","2","0","1","0","0","2","0","0","2","0","0","0","2","2","0",10.078,13.401
"0","0","2","0","0","2","0","2","2","0","0","0","0","2","2","0","2","0","0",3.454,17.246
"0","0","0","0","0","2","0","2","2","2","2","2","0","0","0","0","2","0","2",4.178,15.649
"2","2","0","2","0","0","0","0","0","2","2","0","0","0","0","0","0","0","0",3.574,11.824
"0","0","0","2","2","2","0","0","1","2","0","1","0","0","0","0","0","2","2",9.354,13.647
"2","2","0","2","0","0","0","0","0","2","2","0","0","0","0","0","0","0","0",6.278,16.313
"0","2","0","0","0","2","2","2","2","0","0","1","0","2","0","2","2","0","2",11.598,12.506
"0","0","0","2","0","0","0","0","1","0","2","1","0","0","0","2","2","2","0",1.812,12.019
"0","2","2","0","2","0","2","2","1","0","2","2","2","0","0","2","2","2","0",3.595,9.871
"0","0","0","2","0","2","2","2","2","0","0","1","0","2","0","0","0","0","2",5.946,21.127
"0","2","0","0","0","0","0","0","0","2","2","0","0","2","0","0","0","0","0",9.32,12.218
"0","0","2","0","0","0","0","0","2","0","2","0","0","0","2","0","0","0","0",9.843,10.268
"0","2","0","0","0","0","0","0","2","2","0","0","2","2","0","0","0","0","0",10.48,16.077
"2","2","2","2","0","2","0","0","0","0","0","0","2","0","0","2","0","0","0",4.8,10.114
"0","2","0","0","2","0","0","2","0","0","2","1","2","0","0","0","0","0","0",9.02,15.677
"0","2","0","0","0","2","0","2","0","0","0","1","0","2","0","2","2","0","2",6.341,12.283
"2","2","0","2","0","0","1","0","1","0","2","0","0","0","0","0","0","2","2",2.833,11.496
"0","2","0","2","0","0","2","0","0","0","0","0","0","0","0","0","0","0","0",7.475,15.081
"0","0","0","2","2","0","0","0","1","2","0","2","0","0","0","2","0","0","2",7.816,13.791
"2","2","2","0","0","0","0","0","2","0","0","0","0","2","2","2","0","0","0",5.592,7.059
"0","2","0","2","0","0","0","0","1","2","0","1","2","0","2","0","0","0","2",6.929,13.109
"0","2","2","0","2","2","0","1","0","0","0","1","0","0","0","2","0","0","0",6.374,12.32
"2","0","0","0","2","0","1","0","0","2","0","0","0","0","0","0","0","0","2",1.963,17.562
"0","0","0","2","0","0","0","0","0","0","2","0","2","2","2","0","0","2","2",-0.238,12.209
"0","0","0","2","0","0","0","0","0","0","2","1","2","2","2","2","0","2","0",9.576,13.141
"0","0","0","2","0","0","0","2","1","0","0","1","2","0","0","2","0","0","2",1.061,11.602
"2","2","0","0","0","2","2","2","1","0","0","1","0","2","0","0","2","0","0",5.218,11.39
"2","0","2","0","0","0","0","2","0","0","0","0","2","0","0","0","0","0","0",5.534,14.779
"0","0","2","0","0","2","0","2","2","0","0","0","0","2","2","0","2","0","0",4.46,11.278
"0","1","2","0","2","0","1","0","0","0","2","0","0","0","0","2","0","0","0",5.976,13.348
"0","0","2","0","2","0","0","2","0","0","0","1","0","0","0","0","2","0","0",12.223,9.584
"0","0","0","0","0","0","2","2","0","0","2","0","0","0","0","0","2","0","0",2.872,13.909
"0","0","0","2","0","0","0","0","0","0","2","1","2","2","2","2","0","2","0",3.035,11.079
"0","2","0","2","0","0","0","2","1","2","0","0","2","0","0","2","0","0","0",7.77,14.041
"0","2","0","0","0","0","2","2","1","0","0","1","0","2","0","2","2","0","2",6.606,14.016
"0","2","2","0","0","0","0","0","2","0","1","0","0","2","2","2","0","0","0",0.586,8.631
"0","0","0","2","0","0","0","2","0","0","0","2","0","0","2","0","2","0","0",6.063,11.2
"0","0","0","2","0","0","2","2","1","2","2","2","0","0","0","0","0","2","2",7.753,13.085
"0","0","2","2","2","0","2","0","0","0","2","1","0","0","0","0","0","0","0",12.328,9.749
"2","2","2","0","0","0","0","0","2","0","0","0","0","2","2","2","0","0","0",4.05,17.156
"0","2","0","2","0","0","0","0","0","2","2","2","0","2","0","0","2","0","2",4.48,18.077
"0","2","0","2","0","2","0","0","0","0","0","0","2","0","0","0","0","0","2",14.92,14.767
"0","0","0","2","0","2","2","0","2","2","0","1","2","0","0","2","0","2","0",2.792,14.207
"0","2","0","2","0","0","0","0","0","0","2","2","2","0","0","2","0","2","2",9.181,11.478
"0","0","0","2","0","0","0","0","0","0","2","1","2","2","2","2","0","2","0",12.002,13.603
"0","0","0","2","0","2","0","0","0","0","0","0","0","0","0","0","0","0","2",5.016,8.6
"0","0","0","0","0","0","2","2","2","0","2","1","0","0","2","0","2","0","2",6.177,14.531
"2","0","0","0","0","0","0","2","1","0","2","2","0","0","0","2","2","2","0",2.341,13.376
"0","0","0","2","0","0","0","2","0","0","2","0","2","0","0","0","0","0","2",3.068,12.532
"0","2","2","0","2","0","0","0","0","0","0","0","2","0","0","0","0","0","0",4.285,16.748
"0","0","0","0","0","2","2","2","0","0","2","0","2","0","2","0","2","0","2",5.55,13.919
"0","0","0","0","2","0","0","2","0","2","0","2","2","0","0","0","2","0","0",2.895,16.139
"0","0","2","2","2","2","0","0","0","0","2","0","2","0","0","2","0","2","2",1.188,10.129
"0","0","0","2","0","0","0","0","0","0","2","1","2","0","0","2","0","2","0",3.495,11.477
"0","2","0","0","0","2","2","2","0","0","0","1","0","2","0","2","2","0","2",6.135,11.179
"0","0","2","0","0","0","0","2","0","2","0","1","0","2","0","0","2","2","0",7.509,7.322
"2","0","2","0","0","0","0","2","0","0","0","0","2","0","0","0","0","0","0",9.526,19.341
"0","2","0","0","0","0","1","2","1","0","0","1","0","2","0","2","2","0","2",3.839,5.676
"0","0","0","2","0","2","0","0","2","0","2","1","2","2","0","2","0","0","0",5.783,6.665
"2","2","0","0","0","0","0","2","1","0","0","1","0","2","0","0","2","0","0",4.423,12.477
"2","2","2","0","0","0","0","0","2","0","0","0","0","2","2","2","0","0","0",10.744,17.447
"1","2","0","0","2","0","2","0","1","0","2","0","2","0","0","1","1","0","1",6.175,10.657
"2","0","2","2","0","2","2","0","2","0","0","0","2","2","2","2","2","0","2",10.62,8.713
"0","2","0","2","0","0","0","0","0","2","2","2","0","2","0","0","2","0","2",6.941,11.054
"0","2","2","0","0","2","2","2","0","0","2","0","2","0","0","0","0","0","2",4.986,12.674
"0","0","0","2","0","0","2","0","2","0","0","0","2","0","2","0","2","0","0",3.871,5.965
"2","0","0","0","0","0","0","0","0","0","2","0","2","2","0","0","2","0","0",12.026,13.383
"0","0","2","2","2","0","0","0","0","2","0","2","2","0","0","2","0","0","2",7.722,11.196
"0","2","0","0","0","2","2","2","2","0","0","1","0","2","0","2","2","0","2",9.283,5.529
"0","2","2","0","0","2","0","2","2","0","0","0","2","2","0","2","0","0","0",3.459,11.224
"0","2","0","2","0","0","0","0","0","2","2","2","0","2","0","0","2","0","2",1.021,17.111
"0","0","0","2","0","0","0","2","0","0","0","1","2","0","0","2","0","0","2",4.897,10.547
"0","0","0","0","0","0","0","2","0","0","2","0","2","0","0","0","0","0","0",2.097,13.73
"0","0","2","2","0","0","1","2","1","0","2","0","0","0","0","2","0","0","0",1.644,9.878
"0","0","0","0","0","2","0","0","2","2","0","0","2","0","0","2","0","2","2",6.287,14.989
"0","0","0","0","2","0","0","0","0","0","0","0","0","2","0","0","0","0","2",2.882,7.856
"0","0","0","2","0","2","0","0","2","2","0","0","0","0","2","0","2","2","0",4.554,11.321
"2","2","0","2","2","0","0","0","1","2","0","2","2","0","0","0","0","0","2",5.128,14.372
"0","0","2","2","2","0","0","0","0","0","0","0","0","0","0","2","2","2","0",2.634,12.94
"2","2","2","0","0","0","0","0","2","0","0","0","0","2","2","2","0","0","0",9.387,12.735
"0","0","0","0","2","2","2","2","1","0","2","0","2","0","0","0","2","0","0",5.31,10.085
"0","0","0","0","0","0","0","0","0","0","2","0","2","0","0","2","0","0","2",7.512,16.737
"0","0","0","0","0","0","2","2","0","0","0","0","0","2","0","2","2","0","2",6.359,10.67
"2","0","2","2","0","0","1","2","1","0","2","0","0","0","0","0","2","0","2",1.74,9.612
"0","0","0","0","0","2","1","0","0","0","0","0","0","2","0","2","0","2","2",8.967,7.841
"2","0","0","2","2","0","2","0","1","0","2","0","0","0","0","2","0","2","0",8.169,17.508
"0","0","0","2","0","2","2","2","2","0","0","2","0","0","0","2","0","0","0",3.235,9.727
"0","2","0","0","0","2","2","0","0","0","0","1","0","0","2","0","2","0","2",7.298,15.964
"0","0","0","2","0","0","0","0","0","0","2","0","2","0","0","0","0","2","2",5.549,4.401
"2","0","0","2","0","0","0","0","0","0","0","0","0","0","0","0","0","0","2",14.796,12.692
"2","0","0","0","0","2","2","2","0","0","2","2","0","0","0","2","2","2","0",13.43,11.74
"2","2","2","0","0","0","0","0","2","0","0","0","0","2","2","2","0","0","0",9.633,10.972
"0","0","0","2","0","0","2","2","0","0","2","2","0","0","0","0","0","0","2",10.502,13.751
"2","0","0","0","2","0","0","0","0","0","2","0","2","0","0","0","0","0","2",5.974,6.832
"0","0","0","0","0","2","0","0","0","0","2","0","0","0","0","0","2","0","2",2.727,7.926
"0","2","0","0","0","0","0","0","0","2","2","0","2","0","0","2","0","0","2",7.284,14.3
"0","0","0","0","0","2","2","2","0","0","2","1","2","0","2","0","2","0","2",7.693,11.196
"0","0","2","2","2","0","2","0","0","2","2","0","0","0","0","0","0","0","2",9.709,11.977
"0","0","0","0","0","0","0","0","1","2","0","1","2","0","0","2","0","2","2",10.006,11.561
"0","0","0","2","2","0","0","0","0","2","2","0","0","2","0","0","0","2","2",14.708,9.504
"0","2","0","0","0","0","0","0","0","0","0","2","0","0","0","2","0","2","2",1.456,12.581
"0","0","0","2","0","0","0","0","0","0","2","0","2","2","2","0","0","2","2",8.937,7.744
"0","0","0","0","2","2","0","0","0","2","0","2","2","0","2","0","0","0","2",7.924,10.58
"0","0","0","2","0","0","0","0","0","0","0","0","0","0","0","2","0","0","2",4.201,9.471
"0","0","0","2","0","0","0","0","0","2","0","2","0","0","0","0","0","2","2",7.43,11.795
"0","0","2","2","2","0","2","0","1","2","2","0","0","0","0","0","0","0","2",8.52,6.325
"0","2","0","0","0","0","1","2","1","0","0","1","0","2","0","2","2","0","2",6.135,17.023
"2","0","0","0","2","0","0","0","0","0","2","0","2","0","0","0","0","0","2",6.989,11.278
"0","0","0","0","0","0","2","0","0","0","2","0","2","0","2","2","2","0","0",-0.206,7.491
"0","2","0","2","2","2","0","0","1","0","0","1","2","2","0","0","0","2","0",8.421,11.001
"2","2","0","0","0","2","2","2","1","0","0","1","0","2","0","0","2","0","0",6.392,11.53
"0","0","0","2","0","0","2","2","0","0","2","2","0","0","0","0","0","0","2",7.817,17.13
"0","2","0","2","0","0","2","0","1","0","0","0","0","0","0","0","0","2","2",0.833,13.477
"0","2","0","0","2","0","2","0","0","0","0","0","2","0","2","2","2","2","0",6.478,11.139
"0","0","0","2","0","0","2","0","0","0","0","0","0","0","0","2","0","0","2",5.25,14.938
"2","0","2","2","2","2","0","0","0","0","0","0","0","0","0","0","0","2","0",5.789,16.019
"0","0","0","0","0","2","0","0","0","0","0","0","0","0","0","2","0","2","2",4.01,13.468
"0","0","0","0","2","0","2","2","0","2","2","0","0","0","0","0","0","0","0",1.916,13.328
"0","0","2","0","0","0","2","2","0","0","2","1","0","2","0","2","0","0","0",7.842,9.549
"0","2","2","2","2","0","0","0","1","0","0","2","2","0","0","0","0","0","0",2.036,8.521
"0","2","0","2","0","0","0","0","0","0","0","1","2","0","0","2","0","0","2",9.26,10.686
"0","0","2","0","0","0","0","0","0","0","2","0","0","2","0","2","2","0","2",-3.563,17.685
"0","2","2","2","0","2","0","2","0","0","2","0","2","0","0","0","0","2","2",6.768,14.448
"0","0","0","0","0","0","1","2","0","0","2","0","0","0","0","0","0","2","2",9.16,17.13
"0","2","0","2","0","0","0","0","0","0","2","0","0","2","2","0","0","2","2",10.943,11.558
"0","0","0","0","0","2","0","0","0","0","0","0","0","0","0","2","0","2","2",5.206,16.759
"2","2","2","0","0","0","0","0","2","0","0","0","0","2","2","2","0","0","0",4.677,10.625
"0","0","0","0","0","0","0","0","2","2","0","0","2","0","0","2","0","2","2",-0.31,14.543
"0","2","0","0","0","0","2","2","1","0","0","1","0","2","0","2","2","0","2",9.513,11.65
"0","2","0","0","2","0","0","0","1","2","2","0","0","0","0","0","0","0","2",7.794,7.514
"0","0","2","0","0","2","0","2","2","0","0","0","0","2","2","0","2","0","0",4.129,8.705
"0","0","2","0","0","2","0","2","0","0","2","1","0","0","0","0","0","0","0",4.147,12.963
"2","0","0","0","0","0","1","2","1","0","0","1","2","2","0","2","0","0","0",9.855,12.124
"0","0","0","2","0","0","0","0","0","0","0","2","0","0","0","0","0","0","0",5.903,13.199
"0","2","0","0","0","2","0","2","2","0","0","1","0","2","0","2","2","0","2",5.644,11.389
"0","0","2","0","2","2","2","0","0","0","0","0","2","0","0","0","0","2","2",-0.695,11.533
"0","2","2","0","0","0","0","0","2","0","0","2","0","0","0","0","2","2","0",5.057,13.468
"0","0","0","2","0","0","0","0","0","0","2","0","2","1","0","2","0","2","2",5.114,13.809
"0","2","2","2","0","2","0","2","1","2","2","0","0","0","0","0","0","2","2",3.488,8.912
"0","0","0","2","0","0","2","0","0","0","2","0","0","0","0","0","0","0","2",14.925,12.308
"0","0","0","2","0","0","0","0","0","0","2","1","2","2","2","2","0","2","0",7.297,13.889
"0","0","0","2","0","0","1","0","1","2","0","2","2","0","0","0","0","0","2",5.866,10.685
"2","0","0","0","0","0","0","0","0","0","2","0","2","2","0","0","2","0","2",10.876,11.416
"0","2","0","2","0","0","0","0","0","0","2","0","0","2","2","0","0","2","2",14.669,10.572
"0","0","0","0","0","0","0","0","1","2","0","0","2","0","0","2","0","2","2",5.446,9.676
"2","2","2","2","2","0","1","0","1","2","2","1","2","0","0","2","0","0","2",3.511,12.089
"0","0","0","0","0","2","0","0","2","2","2","0","2","0","0","0","0","0","2",6.842,11.961
"0","2","2","2","0","0","0","0","2","0","0","2","2","0","2","2","2","0","0",6.788,9.027
"0","0","0","0","2","2","0","0","0","0","0","0","0","0","0","2","0","2","2",8.958,7.836
"2","2","2","0","0","0","0","0","2","0","0","0","0","2","2","2","0","0","0",7.794,10.19
"0","0","0","0","0","0","1","2","2","0","2","0","2","0","0","0","0","0","2",4.588,11.299
"2","2","2","2","0","0","1","0","1","0","0","0","2","0","0","2","0","0","0",6.32,13.513
"0","0","0","0","0","2","0","2","2","0","2","1","2","0","2","0","2","0","2",1.809,8.087
"0","2","0","0","0","0","0","0","0","2","2","0","0","0","0","0","0","0","2",7.583,10.822
"0","0","2","0","0","2","0","2","2","0","0","0","2","0","0","2","2","0","0",9.346,14.875
"0","2","2","0","0","2","0","2","2","0","0","0","0","0","0","0","0","0","0",11.786,13.886
"0","2","2","0","0","2","2","0","2","0","2","2","0","2","2","2","2","0","0",6.277,15.345
"2","2","2","0","0","0","0","0","2","0","0","0","0","2","2","2","0","0","0",5.138,14.049
"0","0","0","0","0","0","2","2","2","0","2","0","2","0","2","0","2","0","0",11.797,14.021
"0","0","0","0","2","0","0","0","0","0","2","0","0","0","2","0","0","2","0",-1.847,10.912
"0","0","2","0","0","2","0","2","2","0","0","0","0","2","2","0","2","0","0",10.263,8.245
"0","2","0","2","0","0","0","0","2","0","0","0","0","0","0","2","0","0","2",7.622,15.77
"0","0","0","2","2","0","1","2","0","0","2","2","0","0","0","0","0","0","2",7.502,13.325
"0","2","2","2","2","0","0","2","0","0","0","0","0","0","0","0","0","2","2",10.527,17.582
"2","2","2","2","0","2","2","0","0","0","0","0","2","0","0","2","0","0","0",11.495,15.252
"0","0","0","2","0","0","1","0","0","0","2","0","2","0","0","0","0","0","2",11.733,13.392
"0","0","0","0","0","0","1","0","0","0","2","0","2","0","0","2","0","0","2",5.82,10.572
"0","2","0","2","0","0","0","0","0","0","0","1","2","0","0","2","0","0","2",1.539,11.02
"2","0","0","0","2","0","0","0","0","0","2","0","2","0","0","0","0","0","2",3.896,12.996
"0","0","0","2","0","0","0","0","0","0","2","0","2","2","2","0","0","2","2",8.9,13.695
"0","0","0","2","0","0","0","0","0","0","2","0","2","0","2","2","2","0","0",2.521,7.039
"2","0","2","2","0","2","2","0","2","0","0","0","2","2","2","2","2","0","2",6.033,13.36
"0","2","0","0","2","0","0","0","0","2","2","0","0","0","0","2","0","0","2",11.834,12.753
"0","0","2","0","2","2","0","0","1","0","0","0","2","0","2","0","2","0","2",3.748,2.952
"0","2","0","2","0","0","0","0","0","0","2","2","2","2","2","2","0","2","0",7.609,11.506
"0","2","0","0","0","0","0","0","0","2","2","2","0","0","0","2","2","0","2",8.514,10.817
"0","0","0","2","0","0","0","2","0","2","0","0","2","0","2","2","2","0","2",6.433,12.93
"0","2","0","2","0","0","0","2","1","2","2","0","0","0","0","0","0","2","2",1.384,11.093
"0","2","2","0","0","2","0","2","2","0","0","0","2","2","0","2","0","0","0",5.046,11.087
"0","0","0","2","2","0","0","0","0","0","0","2","2","0","0","0","0","0","2",7.48,10.814
"0","0","0","0","0","0","0","0","0","2","0","0","2","0","0","2","0","2","0",10.303,9.115
"0","0","0","0","0","0","0","0","0","2","0","0","2","0","0","2","0","2","2",3.986,9.376
"0","0","0","2","2","0","0","0","0","2","0","1","2","0","0","0","2","2","0",2.691,13.5
"0","0","0","0","0","2","0","0","1","0","0","0","0","2","0","2","0","2","2",8.109,9.471
"0","0","2","2","0","0","0","0","1","2","0","0","2","0","0","0","0","0","2",8.399,7.135
"0","0","2","0","0","0","0","0","0","0","2","2","2","0","0","0","2","0","0",9.911,10.597
"0","2","0","2","0","0","0","0","0","0","2","2","2","0","0","2","0","2","2",1.368,13.089
"0","0","2","2","0","0","0","0","1","0","0","0","2","0","0","2","0","0","2",1.479,15.506
"0","2","0","0","0","0","0","0","2","0","2","1","0","2","0","0","2","2","0",6.496,4.826
"0","0","0","0","0","2","0","2","0","0","2","1","2","0","0","0","2","0","2",8.251,18.646
"0","0","0","0","0","0","0","2","0","0","2","2","0","2","0","2","2","0","0",-0.391,11.017
"2","0","0","0","0","2","0","0","2","0","0","0","0","0","2","2","2","0","0",5.888,14.888
"0","0","2","0","2","2","2","0","1","0","2","0","2","0","0","0","0","2","2",3.152,11.931
"0","0","0","0","0","0","2","0","1","0","2","0","0","0","0","0","2","0","0",14.407,13.602
"0","0","0","0","0","2","0","0","0","2","2","0","2","2","0","0","0","0","2",7.215,11.295
"0","2","0","0","0","0","0","2","2","0","0","2","0","2","0","2","2","0","2",7.909,13.526
"0","0","0","2","2","0","0","2","0","0","0","2","0","0","0","2","0","0","0",9.809,13.951
"0","0","2","0","0","0","2","0","0","2","0","0","2","0","2","2","0","2","2",18.547,7.545
"2","0","0","0","0","2","2","2","0","0","0","0","2","0","0","2","2","0","0",3.574,17.439
"0","0","2","2","0","0","2","0","2","0","0","0","2","0","0","2","0","0","2",5.296,11.586
"0","0","2","0","2","0","2","0","1","2","2","0","2","0","0","2","0","2","2",8.269,14.841
"0","2","0","0","2","0","0","0","0","0","2","0","2","0","0","0","0","0","2",9.161,12.754
"0","2","0","2","0","0","0","2","1","0","2","0","2","0","0","2","2","0","0",6.701,12.39
"2","0","0","0","0","0","0","2","0","0","0","0","2","0","0","0","0","0","0",2.911,11.478
"0","2","0","0","0","2","0","2","1","0","0","1","0","2","0","2","2","0","2",12.954,13.391
"0","2","0","0","0","0","0","0","0","0","0","0","0","0","0","2","0","0","2",9.426,7.73
"0","2","0","2","0","0","2","2","2","0","2","0","0","0","0","2","0","2","2",6.925,13.155
"0","2","2","0","2","2","1","2","0","0","2","0","2","0","0","0","0","0","2",3.844,11.683
"0","2","0","0","0","2","0","2","2","0","0","1","0","2","0","2","2","0","2",7.304,13.775
"0","0","0","0","0","0","0","0","1","2","2","0","2","0","0","0","0","2","0",6.103,17.325
"0","0","0","0","0","0","0","2","1","0","0","0","0","0","0","0","2","0","2",6.807,12.726
"0","0","0","0","0","0","0","0","0","0","0","0","0","0","0","0","0","2","2",6.201,11.385
"0","0","0","0","0","0","0","2","0","0","2","0","0","0","0","0","0","0","0",5.837,12.626
"0","0","0","0","2","0","0","0","1","2","2","0","2","0","0","2","2","0","0",9.109,10.28
"0","0","0","2","0","0","0","2","1","2","2","2","2","0","0","0","2","0","0",12.295,13.376
"2","2","0","0","0","2","1","2","2","0","0","1","0","2","0","0","2","0","0",10.526,15.966
"2","2","0","0","0","2","2","2","2","0","0","1","0","2","0","0","2","0","0",8.847,16.038
"0","0","0","0","0","0","0","0","0","0","0","0","0","0","0","0","0","0","0",9.319,15.399
"0","2","0","0","0","0","2","2","0","0","0","1","0","2","0","2","2","0","2",8.122,13.902
"0","0","0","0","0","0","0","0","1","2","0","0","2","0","0","2","0","2","2",9.749,16.629
"0","2","0","0","0","2","2","2","1","0","0","1","0","2","0","2","2","0","2",6.773,13.493
"0","2","0","0","0","2","2","2","2","0","0","1","0","2","0","2","2","0","2",7.699,17.984
"0","0","2","2","0","0","2","2","1","0","0","1","0","2","0","0","0","0","2",6.168,13.04
"0","0","0","0","0","0","1","2","0","2","0","1","0","0","0","0","0","0","0",18.259,7.044
"0","0","0","0","2","0","0","0","0","0","2","2","0","0","0","0","2","0","2",5.091,16.242
"0","2","0","0","0","2","2","2","1","0","2","1","0","0","2","2","2","0","0",8.189,5.486
"0","0","0","0","0","0","2","2","2","0","2","0","2","0","2","0","2","0","0",8.229,15.791
"0","0","0","0","0","0","0","0","0","2","2","1","2","0","2","0","0","0","2",3.223,20.41
"0","0","0","0","0","0","0","0","0","2","0","0","2","0","0","2","0","2","2",6.43,8.177
"0","0","0","2","0","2","2","0","2","2","2","1","2","0","2","0","0","2","0",5.172,12.483
"0","0","0","2","0","2","0","2","2","0","0","1","0","2","0","0","0","0","2",7.459,13.034
"0","0","0","0","0","0","0","2","1","0","2","1","2","0","0","0","2","0","0",12.101,10.854
"2","2","0","2","0","0","2","2","2","0","2","1","2","0","0","2","2","2","0",5.971,12.43
"0","2","0","0","0","0","0","0","0","2","0","0","2","0","0","2","0","0","2",10.491,14.414
"2","0","0","2","2","0","0","0","0","0","2","0","0","0","0","0","0","0","0",5.354,9.691
"0","2","2","2","2","0","0","0","1","0","0","0","0","0","0","0","0","2","2",11.63,10.008
"2","2","0","0","0","2","2","2","2","0","0","1","0","2","0","0","2","0","0",6.743,6.659
"0","0","0","2","1","0","0","0","0","1","1","1","0","0","0","2","0","1","2",4.988,12.434
"0","0","0","2","0","0","0","2","0","0","0","2","0","2","0","0","2","0","0",1.649,11.646
"0","2","0","0","0","2","2","2","2","0","0","1","0","2","0","2","2","0","2",4.323,15.892
"0","2","0","0","0","2","2","2","0","0","0","1","0","2","0","2","2","0","2",6.99,7.883
"0","0","2","0","0","0","1","0","0","2","0","0","2","0","2","2","0","2","2",10.456,5.789
"0","2","2","0","0","0","2","2","0","0","2","0","0","0","0","2","2","0","0",4.167,15.863
"0","0","0","2","0","0","0","0","0","0","2","1","2","2","2","2","0","2","0",6.404,16.503
"0","2","2","0","2","0","0","0","2","2","2","2","0","0","0","0","0","0","0",7,4.119
"2","0","0","0","0","0","0","2","0","0","2","0","0","0","0","0","0","0","0",4.688,8.405
"0","0","2","2","0","0","0","2","0","0","2","1","2","0","0","2","2","0","0",3.254,7.822
"2","2","0","0","0","2","2","2","1","0","0","1","0","2","0","0","2","0","0",9.29,16.496
"0","0","0","2","0","0","0","0","0","0","2","0","2","0","0","2","0","2","2",8.959,9.87
"0","0","0","0","0","0","1","0","1","0","0","0","0","2","0","0","0","2","2",3.698,11.942
"0","0","0","2","0","0","0","2","2","0","2","1","2","0","2","0","0","0","2",4.032,2.081
"0","2","0","2","2","0","0","0","1","2","2","2","0","2","0","0","0","2","2",8.032,12.19
"0","2","0","0","0","0","0","0","0","2","2","2","2","0","2","0","0","0","2",4.673,10.658
"2","2","0","0","0","2","0","2","1","0","0","1","0","2","0","0","2","0","0",7.506,13.88
"0","2","2","2","0","0","0","0","0","2","0","0","2","0","2","2","2","2","0",4.309,7.833
"0","2","2","0","0","2","0","2","2","0","0","0","2","2","0","2","0","0","0",0.359,12.978
"0","0","0","0","0","0","0","0","0","2","0","0","2","0","0","2","0","2","2",4.372,13.24
"0","0","0","2","2","0","1","0","1","0","2","0","2","2","0","2","0","0","0",8.435,10.18
"0","0","2","2","2","0","0","0","0","2","2","0","0","0","0","0","0","0","2",2.608,6.469
"0","2","2","0","0","0","0","0","0","0","0","2","2","0","2","0","0","0","0",4.929,11.38
"0","0","0","2","0","0","0","0","2","0","2","0","2","0","0","0","0","2","2",10.637,11.242
"0","2","2","2","2","0","2","2","0","0","0","0","0","2","0","0","0","0","2",22.692,7.793
"2","2","2","2","0","0","0","2","2","0","0","0","2","0","0","0","0","2","0",8.323,15.533
"2","2","2","0","0","2","2","2","0","0","2","2","2","0","0","0","0","2","0",12.547,9.716
"2","2","0","2","0","0","2","2","2","0","2","1","2","0","0","2","2","2","0",8.043,14.219
"0","0","0","2","2","0","0","0","0","2","2","2","2","0","0","2","0","0","2",9.429,13.896
"0","2","0","2","0","0","0","0","2","0","0","2","2","2","0","2","0","0","2",11.324,11.471
"0","0","0","2","0","0","2","0","0","0","2","1","2","0","0","0","2","0","0",13.895,7.894
"0","2","0","2","0","0","0","0","0","0","2","2","2","0","0","2","0","2","2",9.476,15.86
"2","2","0","0","0","2","2","2","1","0","0","1","0","2","0","0","2","0","0",5.468,15.063
"0","0","0","0","0","0","0","0","0","2","0","0","2","0","0","2","0","2","2",5.688,8.34
"0","2","0","0","0","0","0","0","2","2","0","0","2","2","0","0","0","0","0",5.906,8.942
"0","0","0","0","2","0","0","0","0","0","2","0","2","0","0","2","2","0","2",11.161,13.455
"2","2","2","2","0","0","2","0","0","0","0","2","0","0","2","0","2","0","0",9.743,8.615
"2","2","0","0","0","0","2","2","1","0","0","1","0","2","0","0","2","0","0",14.949,13.221
"2","0","0","2","0","2","0","0","0","0","0","0","0","2","2","0","2","0","0",3.009,4.091
"0","2","0","0","0","0","0","0","0","0","2","2","0","0","0","2","0","0","0",8.662,15.357
"0","0","2","0","0","2","0","2","2","0","0","0","0","2","2","0","2","0","0",3.085,3.412
"0","2","0","2","0","0","0","0","0","2","0","2","0","0","0","2","2","0","2",6.087,14.19
"0","0","2","0","0","0","0","0","0","0","2","2","2","0","0","0","2","0","0",2.358,7.766
"2","2","0","0","0","0","0","2","0","0","2","0","2","0","0","0","2","0","0",5.708,8.821
"0","0","0","0","0","2","2","2","2","0","2","1","2","0","0","0","2","0","0",12.957,17.653
"2","2","2","0","0","0","0","0","2","0","0","0","0","2","2","2","0","0","0",9.746,10.596
"0","0","0","2","0","0","0","2","1","0","0","2","0","2","2","0","2","0","0",7.303,9.142
"2","0","2","0","2","0","0","2","1","0","2","0","0","0","0","2","0","0","0",8.438,13.438
"0","0","0","0","0","0","0","0","0","0","0","0","2","0","2","0","0","2","0",9.939,8.366
"0","0","0","0","0","0","0","0","2","2","2","2","2","0","0","2","0","2","2",6.725,17.616
"2","1","2","0","2","2","0","0","1","2","0","0","0","0","0","0","0","0","2",9.069,11.378
"0","0","0","2","2","2","0","0","0","2","0","1","1","0","2","0","2","2","0",10.28,11.809
"0","0","0","0","2","0","2","2","1","0","0","0","0","0","0","2","2","2","0",11.352,12.004
"0","0","0","2","2","0","0","0","0","2","2","0","2","0","0","2","0","2","2",7.835,14.667
"2","0","0","0","2","0","0","0","0","0","2","0","2","0","0","0","0","0","2",6.432,6.65
"0","2","2","2","0","2","0","2","0","2","2","0","0","0","2","0","0","0","0",5.314,11.446
"0","0","2","2","2","0","0","0","0","0","0","0","2","2","0","0","0","0","0",4.869,10.776
"2","2","0","2","0","0","0","0","2","0","2","0","0","0","0","2","2","0","2",0.587,14.416
"0","0","0","0","0","2","1","2","0","0","2","1","2","0","2","0","2","0","2",5.132,9.142
"0","0","0","2","1","0","0","0","0","2","2","0","2","0","0","0","0","2","0",8.885,15.772
"0","0","2","2","2","0","1","0","0","0","0","0","2","0","0","0","2","0","0",0.253,14.034
"0","2","0","0","0","2","2","2","2","0","0","1","0","2","0","2","2","0","2",3.641,17.514
"0","2","2","2","2","0","0","0","0","2","0","0","2","0","0","0","0","2","2",0.04,10.512
"0","0","0","0","0","0","0","0","0","2","0","0","2","0","0","2","0","2","2",4.02,15.072
"0","0","0","2","0","0","2","0","2","0","0","0","0","2","2","2","0","2","0",10.723,13.23
"0","0","2","0","0","2","0","2","2","0","0","0","0","2","2","0","2","0","0",9.702,7.646
"0","0","0","0","0","0","2","0","2","2","2","0","2","0","2","2","2","0","0",5.606,12.001
"0","0","2","0","0","2","0","2","2","0","0","0","0","2","2","0","2","0","0",5.562,17.924
"2","0","2","0","2","0","2","0","1","0","2","2","2","0","0","0","0","0","2",11.473,12.729
"0","2","0","2","1","0","2","0","2","0","0","2","2","2","0","2","0","0","2",4.59,8.633
"0","2","0","0","0","0","0","0","2","2","2","0","0","0","2","2","0","0","0",5.959,13.486
"0","0","0","0","0","0","0","0","1","2","0","0","2","0","0","2","0","2","2",2.297,20.654
"2","2","0","0","0","2","1","2","1","0","0","1","0","2","0","0","2","0","0",7.057,8.82
"0","0","2","0","0","0","0","2","0","0","2","1","0","2","0","2","0","0","0",9.535,6.156
"0","2","2","2","2","0","2","2","0","0","0","0","0","2","0","0","0","0","2",6.296,14.949
"0","2","2","0","0","0","0","0","2","0","2","0","2","0","2","0","0","2","0",11.912,7.966
"0","0","2","0","0","0","0","2","0","2","0","1","0","2","0","0","2","2","0",11.995,11.572
"0","0","0","0","0","0","0","0","0","2","0","0","2","0","0","2","0","2","2",14.264,10.76
"0","2","0","0","0","2","1","2","1","0","0","1","0","2","0","2","2","0","2",10.037,16.983
"0","0","0","0","0","0","1","2","2","0","2","0","2","0","2","0","2","0","0",11.497,6.205
"0","0","2","0","0","2","0","2","2","0","0","0","0","2","2","0","2","0","0",10.735,6.502
"0","0","0","2","0","0","0","0","0","0","2","1","2","2","2","2","0","2","0",6.222,17.589
"0","0","0","0","0","0","0","2","0","0","0","2","0","0","0","0","2","0","2",6.71,7.222
"0","0","0","0","0","0","1","2","2","0","2","0","2","0","2","0","2","0","0",14.71,17.935
"2","2","2","0","0","0","0","0","2","0","0","0","0","2","2","2","0","0","0",4.267,10.129
"2","0","0","2","0","0","0","2","0","0","2","0","0","0","2","0","0","0","0",7.049,11.485
"0","0","0","0","0","0","2","2","2","0","2","0","2","0","2","0","2","0","0",8.263,11.72
"0","0","0","0","0","0","0","2","1","0","2","1","2","0","0","2","2","0","0",3.559,8.976
"0","2","0","2","0","0","0","0","0","2","2","2","0","2","0","0","2","0","2",-0.22,9.286
"0","0","0","2","0","0","0","0","0","0","2","0","2","2","2","0","0","0","2",8.409,5.723
"0","2","0","0","0","2","0","2","2","0","0","1","0","0","0","2","2","0","2",12.5,11.32
"0","0","0","0","2","0","0","2","0","0","0","1","0","0","0","2","2","0","0",8.634,13.906
"0","0","0","0","0","0","1","0","0","0","0","0","2","0","0","2","0","0","0",7.671,11.119
"0","0","0","0","0","0","2","0","2","2","2","0","2","0","2","2","2","0","0",6.119,11.292
"0","0","0","2","0","0","0","0","0","0","2","0","2","2","2","2","0","2","0",6.001,16.932
"0","2","0","0","0","2","2","2","2","0","0","1","0","2","0","2","2","0","2",6.198,11.937
"0","0","0","2","0","0","0","0","1","0","0","2","2","0","0","2","0","2","2",7.717,17.801
"0","2","0","2","0","0","0","0","0","0","2","0","0","2","2","0","0","2","2",10.096,5.092
"0","0","0","0","0","0","0","0","2","2","0","0","2","0","0","2","0","2","2",4.019,13.409
"0","2","0","2","0","0","0","0","0","2","0","1","0","2","0","0","0","0","2",4.821,11.46
"2","0","2","2","0","2","0","0","2","0","0","0","0","2","2","2","0","0","2",4.631,21.93
"0","0","0","2","0","0","0","0","0","0","2","1","2","2","2","2","0","2","0",10.507,13.303
"0","0","0","2","0","0","0","0","0","0","2","1","2","2","0","2","0","2","2",5.793,12.644
"0","0","2","2","0","0","2","0","0","2","0","0","2","0","2","2","0","0","2",6.917,4.163
"0","0","0","2","0","0","0","0","0","0","0","1","2","0","0","2","0","0","0",7.439,17.026
"0","2","2","2","2","2","0","0","1","2","0","0","2","2","0","0","2","2","0",2.266,8.384
"0","0","0","0","2","0","0","2","0","2","0","2","2","0","0","0","2","0","0",4.797,10.756
"0","2","2","0","2","2","1","2","0","0","2","0","2","0","0","0","0","0","2",6.457,9.723
"0","2","2","2","0","0","0","0","0","2","2","0","2","0","0","2","0","0","0",9.892,11.182
"0","0","0","2","2","2","0","0","1","2","0","2","0","0","0","0","2","2","0",12.217,10.075
"0","0","0","2","2","0","0","0","1","2","0","0","2","0","0","0","0","2","2",10.49,7.566
"0","1","0","2","0","0","0","0","0","0","2","2","2","1","1","2","0","2","1",9.669,7.733
"2","0","0","2","0","2","0","0","2","0","2","1","2","2","2","0","0","0","2",4.553,7.597
"0","0","0","0","2","2","0","0","0","2","0","2","2","0","0","0","0","0","0",9.236,13.19
"0","0","0","2","2","0","0","0","0","2","2","2","2","0","0","0","0","2","0",11.629,8.771
"0","0","0","0","2","0","0","0","0","0","0","0","2","2","0","0","0","0","0",9.327,8.521
"0","0","2","2","0","2","0","2","2","0","0","0","0","0","0","0","2","2","0",7.802,16.459
"0","0","0","0","0","0","0","0","2","0","2","2","2","2","0","0","0","0","2",1.882,14.968
"0","2","2","2","0","0","1","2","1","2","0","0","0","0","0","2","0","2","2",9.353,13.034
"0","0","0","2","0","0","2","0","2","0","0","0","2","0","2","0","2","0","0",7.626,13.976
"2","2","2","2","2","0","0","0","0","2","2","2","2","0","2","0","0","0","0",4.027,13.486
"0","0","0","0","1","0","2","0","2","0","2","2","0","0","0","0","2","0","2",4.2,14.281
"0","1","2","2","2","0","2","0","0","0","2","1","0","0","0","0","0","0","0",10.906,12.422
"0","0","2","2","2","2","0","0","0","0","0","0","0","0","0","0","2","0","2",7.534,5.358
"0","0","0","0","0","0","0","0","1","2","0","0","2","0","0","2","0","2","2",0.453,8.317
"0","0","2","0","2","0","2","2","0","2","0","0","0","0","0","2","2","0","0",4.038,15.635
"0","0","0","0","0","0","0","0","0","2","0","0","2","0","0","2","0","2","2",4.418,11.647
"2","2","2","0","0","0","0","0","2","0","0","0","0","2","2","2","0","0","0",6.138,18.705
"0","2","0","2","0","0","0","2","1","2","2","0","0","0","0","0","0","2","2",5.029,11.086
"0","0","0","2","0","0","0","0","2","2","2","1","2","0","0","0","0","0","2",2.019,8.669
"0","0","0","2","0","0","0","0","0","0","2","0","2","2","2","0","0","2","2",6.367,11.781
"0","2","0","0","0","0","0","2","1","0","2","1","0","2","0","2","2","0","0",9.01,8.501
"0","2","0","2","0","2","0","2","0","0","0","0","0","0","0","0","0","2","0",7.118,12.491
"2","0","0","2","2","0","0","0","0","2","2","0","0","2","0","0","2","2","2",8.212,12.538
"0","2","0","2","0","0","0","2","0","0","2","0","0","0","0","0","2","0","0",-0.576,14.472
"0","2","0","0","0","0","0","0","0","0","2","2","0","0","0","2","0","0","0",4.83,13.88
"2","0","2","0","0","0","0","0","2","0","0","2","0","2","2","2","0","0","2",11.308,15.67
"0","0","2","2","2","0","1","0","0","2","2","0","0","0","0","0","0","0","2",7.265,12.947
"0","2","0","0","0","2","2","2","2","0","0","1","0","2","0","2","2","0","2",2.649,21.518
"2","0","0","2","0","0","0","2","2","0","0","0","2","0","0","0","2","0","0",11.116,7.462
"0","0","0","0","0","0","0","2","2","0","2","2","2","0","0","0","2","0","2",7.982,12.273
"0","0","2","2","0","0","2","2","2","2","0","0","2","0","0","2","0","2","0",6.296,11.267
"0","0","0","0","0","2","2","0","0","0","2","2","0","0","0","0","2","0","2",4.667,20.406
"0","2","0","2","0","0","0","0","0","0","2","0","2","2","0","0","0","2","0",7.168,12.677
"0","0","0","0","0","0","0","2","0","0","2","2","0","2","0","2","2","0","0",10.354,11.162
"0","2","0","0","0","0","1","2","0","0","2","0","0","0","0","0","2","0","0",4.783,10.369
"0","0","2","0","0","0","0","0","0","2","2","2","2","0","0","0","2","0","0",3.496,8.731
"0","2","2","0","0","0","0","0","1","2","0","2","2","0","0","0","0","2","0",1.097,15.642
"0","0","0","2","0","2","0","0","2","2","0","1","2","0","2","2","2","2","2",6.327,12.299
"2","0","0","2","0","2","2","2","2","0","0","1","0","0","0","2","0","2","0",13.765,9.069
"0","2","0","2","0","0","0","0","0","2","0","0","2","2","0","0","0","0","2",2.84,12.091
"0","2","0","0","0","0","0","0","0","2","2","0","0","0","0","2","0","2","0",-1.39,14.148
"2","2","2","0","0","0","0","0","2","0","0","0","0","2","2","2","0","0","0",5.861,14.424
"0","0","0","0","0","2","0","0","0","2","0","0","2","0","0","2","0","0","0",4.659,5.851
"2","0","0","2","2","0","2","0","2","2","0","1","0","2","0","0","0","2","2",7.399,10.043
"0","2","0","0","2","0","0","0","0","2","2","0","0","0","2","0","0","0","2",4.535,11.341
"0","0","2","2","2","0","0","2","0","0","0","2","0","0","0","0","2","0","0",2.339,8.606
"0","0","0","0","0","0","2","0","0","0","0","0","0","0","0","2","0","2","0",6.87,11.253
"2","0","2","0","0","0","0","0","0","2","0","0","0","0","0","2","0","0","2",7.89,12.923
"2","2","2","2","2","2","0","0","2","0","0","2","0","2","0","2","0","0","0",4.48,13.422
"0","1","2","0","2","0","0","0","0","0","2","0","0","0","0","2","0","0","0",9.397,14.544
"0","0","2","2","0","0","0","0","0","2","2","0","2","0","0","2","0","0","2",5.666,9.616
"2","2","0","2","0","0","0","0","0","0","2","0","0","2","0","0","0","2","2",10.154,8.044
"0","0","0","2","0","0","2","2","0","0","2","2","0","0","0","0","0","0","2",7.518,19.13
"0","2","0","2","0","0","0","0","2","0","2","2","0","0","0","0","0","0","2",6.468,6.263
"0","2","2","2","0","0","0","0","1","2","2","1","0","0","0","0","0","2","2",8.298,9.003
"0","0","0","0","0","2","1","2","1","0","0","0","0","2","0","0","0","0","0",5.861,11.466
"0","2","0","2","0","0","0","0","2","0","0","2","2","0","0","2","0","2","2",4.12,7.292
"0","0","2","2","0","2","0","2","1","0","0","1","2","0","0","0","0","0","0",4.706,16.482
"0","2","0","2","2","0","0","0","0","2","0","2","2","2","0","2","0","0","2",7.451,8.611
"0","0","0","2","0","0","0","2","0","0","2","1","0","2","0","2","2","0","0",8.91,7.69
"0","0","0","2","0","0","0","0","0","0","2","0","2","2","0","2","0","2","2",5.433,12.332
"2","0","0","0","0","0","0","2","1","0","2","2","0","0","0","2","2","2","0",7.05,12.783
"0","0","0","0","2","0","1","0","1","2","2","0","2","0","0","2","2","0","0",8.33,12.055
"0","2","0","0","0","0","0","0","1","0","0","0","0","0","0","2","0","2","0",18.089,11.571
"0","0","0","2","2","0","0","2","0","0","0","0","2","0","0","0","2","0","0",13.281,6.776
"0","0","0","0","0","0","0","0","0","2","0","0","0","0","2","0","0","0","0",14.141,10.716
"0","0","0","0","0","0","0","0","0","0","0","0","2","0","2","2","2","0","0",7.381,4.528
"0","0","0","0","0","0","0","0","0","0","0","0","2","2","0","0","0","0","0",11.476,9.481
"0","2","0","0","0","2","1","2","0","0","0","1","0","2","0","2","2","0","2",3.3,16.901
"0","0","0","2","0","0","0","0","2","2","0","2","0","0","0","2","0","0","2",1.127,18.461
"2","0","0","0","0","0","2","2","0","0","2","1","2","0","0","0","2","2","0",7.547,16.188
"2","2","2","0","0","0","0","0","2","0","0","0","0","2","2","2","0","0","0",14.123,14.719
"2","2","2","0","0","0","0","0","2","0","0","0","0","2","2","2","0","0","0",6.793,10.816
"0","1","1","2","1","0","0","0","0","0","0","0","0","2","0","0","2","0","0",9.632,14.988
"0","1","0","1","0","1","0","1","0","0","1","0","0","2","0","1","1","1","2",9.359,9.952
"0","0","0","2","0","0","0","0","0","0","2","1","2","2","2","2","0","2","0",7.761,18.228
"0","0","0","2","0","0","0","0","0","0","2","1","2","2","2","2","0","2","0",1.479,12.496
"0","0","0","2","1","0","2","0","1","1","2","0","2","0","0","0","0","2","2",2.414,7.605
"0","0","0","0","2","0","1","2","0","2","0","2","2","0","0","0","2","0","0",11.987,10.532
"0","0","0","0","0","0","0","0","2","2","0","0","2","0","2","0","0","0","2",6.607,14.385
"0","2","0","2","0","0","0","0","0","0","2","0","2","2","0","0","0","2","2",3.601,8.041
"2","2","2","0","0","0","0","0","2","0","0","0","0","2","2","2","0","0","0",7.527,18.423
"0","0","0","2","0","0","2","0","1","0","0","2","0","0","0","2","0","0","2",4.028,12.44
"0","2","2","2","2","0","0","0","0","0","0","0","2","0","0","0","0","2","2",5.545,9.331
"0","0","0","2","2","0","1","0","1","0","0","0","2","0","0","0","0","2","0",2.933,9.184
"0","0","0","0","0","0","0","0","1","2","0","0","2","0","0","2","0","2","2",7.062,15.179
"0","2","0","0","2","0","2","0","1","2","0","0","0","0","0","0","2","0","2",-0.975,10.623
"0","2","0","0","0","0","0","2","2","0","0","2","0","2","0","2","2","0","2",6.086,4.298
"0","0","0","2","0","0","0","0","0","0","2","1","2","2","2","2","0","2","0",2.559,12.069
"0","0","0","0","0","0","2","0","2","2","2","0","2","0","2","2","2","0","0",5.635,11.552
"0","2","0","0","2","0","0","2","0","0","0","0","0","0","0","2","2","0","0",8.248,15.578
"0","0","0","2","0","0","0","0","0","0","0","0","0","0","2","0","0","0","0",3.286,9.884
"0","2","0","2","0","0","0","0","1","2","0","1","2","0","0","0","0","0","2",8.977,13.158
"0","0","0","2","2","2","0","0","0","2","2","0","2","2","0","0","0","2","0",9.225,12.642
"0","0","0","0","0","1","0","0","1","2","2","2","0","0","0","0","0","0","0",3.334,14.788
"0","2","0","0","0","0","0","0","0","2","0","0","0","2","0","0","0","0","2",8.163,17.446
"0","0","0","2","0","0","1","2","2","0","0","1","0","2","0","0","0","0","2",7.294,13.86
"0","0","0","0","0","0","0","2","1","2","2","2","0","0","0","0","0","2","2",9.211,16.015
"0","0","0","0","0","2","0","0","0","2","0","2","2","0","2","0","0","0","2",4.885,14.792
"0","2","0","0","0","0","0","0","2","0","2","0","2","0","2","2","0","0","2",11.378,12.285
"0","0","0","0","0","0","1","0","0","0","0","0","0","0","0","0","0","2","2",4.93,14.563
"0","0","0","0","0","0","0","0","0","0","0","0","2","0","2","2","2","0","0",11.818,1.977
"0","2","0","0","2","0","0","0","0","2","2","0","0","0","0","0","0","0","2",2.381,8.559
"2","2","0","0","0","0","2","2","1","0","0","1","0","2","0","0","2","0","0",2.128,15.645
"0","0","1","2","0","0","0","0","0","0","2","0","0","0","0","0","0","2","1",5.741,11.012
"2","2","2","0","0","2","0","2","2","0","0","2","2","0","0","2","2","0","0",7.851,8.39
"0","0","0","2","2","2","0","0","0","2","0","1","0","0","0","0","0","2","2",8.54,11.517
"0","0","0","0","2","2","0","0","0","2","2","0","2","2","0","0","0","0","2",6.72,16.184
"0","0","0","0","0","0","2","0","0","0","0","0","2","0","2","0","2","0","0",9.076,13.892
"0","2","0","0","0","0","2","0","0","2","2","0","0","0","0","0","0","2","0",13.614,10.62
"0","0","0","0","0","0","0","0","0","0","0","0","0","0","0","0","0","0","0",11.624,15.348
"0","2","2","0","0","0","0","0","0","2","2","0","2","0","2","0","0","0","2",4.144,14.868
"0","0","2","0","0","0","0","0","0","0","2","2","2","0","0","0","2","0","0",6.276,15.16
"2","0","0","0","0","0","0","2","0","0","2","2","2","0","0","2","2","0","0",12.689,8.577
"0","0","0","2","0","0","0","2","2","2","0","0","2","0","2","2","2","0","2",8.707,10.312
"0","2","0","2","0","0","2","0","0","0","0","0","2","0","2","2","2","0","0",0.614,16.355
"0","0","0","2","0","0","0","0","0","0","2","2","2","2","2","0","0","2","2",6.456,18.52
"0","0","2","2","0","0","0","0","2","2","2","1","2","2","0","0","0","0","0",13.297,13.638
"0","0","0","0","0","0","0","0","1","2","0","0","0","0","0","0","0","0","2",3.828,11.206
"0","0","0","0","0","0","0","0","1","0","0","0","0","2","0","2","0","2","2",1.445,15.295
"0","0","0","0","0","0","0","0","0","0","0","0","2","0","2","2","2","0","0",0.872,5.017
"2","0","0","2","2","0","2","0","0","2","2","0","0","2","0","0","2","2","2",7.401,17.421
"0","0","2","2","0","0","0","0","0","0","0","0","0","0","2","0","0","2","0",11.213,11.815
"0","0","0","2","2","0","1","0","1","0","0","0","0","2","0","2","0","2","2",10.197,10.247
"2","0","2","2","0","2","2","0","2","0","0","0","2","2","2","2","2","0","2",5.707,9.765
"0","2","0","0","0","0","0","0","0","2","0","2","2","0","0","0","0","0","0",3.236,17.457
"0","0","0","2","0","0","0","0","0","0","0","0","0","0","2","0","0","0","0",2.753,13.635
"0","0","0","0","0","0","0","2","2","0","2","2","0","0","0","0","0","2","0",6.211,13.233
"0","0","0","2","2","2","0","0","0","2","0","2","0","0","0","0","2","2","0",8.247,8.909
"0","2","0","2","2","2","0","0","1","0","2","0","0","0","0","2","0","2","2",4.98,14.175
"0","0","0","0","0","0","0","0","0","0","0","0","0","0","0","0","0","2","2",2.366,13.832
"0","2","2","2","0","0","0","0","0","0","0","0","2","0","2","0","0","2","2",5.009,13.89
"0","0","0","2","0","0","0","0","0","0","2","0","2","2","2","0","0","2","2",3.194,8.99
"0","0","0","0","0","0","2","2","1","0","2","1","2","0","2","0","2","0","0",2.463,14.245
"0","2","2","2","2","0","0","0","1","0","0","2","2","0","0","0","0","0","0",12.82,16.525
"0","2","0","2","2","0","0","2","1","2","2","0","0","0","0","0","0","0","0",7.29,9.308
"0","0","0","0","0","0","0","0","1","2","0","0","2","0","0","2","0","2","2",5.475,13.854
"0","2","0","2","0","0","0","0","0","0","2","1","2","0","2","0","0","0","2",8.044,7.744
"0","0","2","0","0","2","0","2","2","0","0","0","0","2","2","0","2","0","0",8.763,15.74
"0","2","0","0","2","0","0","0","0","0","0","2","2","0","0","0","2","0","2",8.444,13.755
"0","0","0","2","0","2","0","0","0","0","0","2","0","2","0","0","0","2","0",4.204,11.562
"0","2","2","0","0","0","0","2","0","0","2","2","2","2","0","2","2","2","0",2.134,12.325
"0","0","0","0","0","0","0","2","0","0","0","0","0","0","0","0","0","0","0",6.221,18.146
"2","2","2","2","0","0","0","0","1","0","0","0","2","0","0","2","0","0","0",3.929,13.116
"0","0","0","2","0","0","0","2","2","0","2","1","2","0","2","0","0","0","2",8.001,13.341
"0","0","0","0","0","0","0","0","0","0","2","0","0","2","0","0","0","0","0",7.711,15.515
"0","0","2","2","0","0","0","0","2","0","2","1","2","2","0","0","0","0","0",6.115,18.328
"0","0","2","2","2","2","0","0","0","0","0","0","0","0","0","0","2","0","2",10.927,18.621
"0","2","2","0","2","0","2","0","0","0","2","1","0","0","0","0","2","0","0",8.665,10.925
"0","0","0","0","0","0","0","2","0","0","2","2","0","2","0","2","2","0","0",9.046,18.151
"0","2","2","0","2","0","0","0","0","0","0","0","0","0","0","0","2","0","2",4.056,11.97
"0","0","0","2","0","0","0","0","0","0","2","0","2","2","2","0","0","2","2",3.942,9.064
"2","2","0","2","0","0","0","0","1","0","2","0","0","0","0","0","0","2","2",-0.092,12.576
"0","0","0","2","0","0","2","0","2","0","0","2","0","0","0","2","0","0","2",7.532,17.526
"0","2","2","2","2","0","0","0","1","2","2","1","0","0","0","0","0","0","2",1.808,10.099
"2","0","0","0","0","2","2","2","2","0","2","2","2","0","2","2","2","0","0",6.534,9.149
"2","2","2","0","0","0","0","0","2","0","0","0","0","2","2","2","0","0","0",4.729,7.95
"2","2","0","0","0","0","2","2","0","0","0","1","0","2","0","0","2","0","0",10.091,17.75
"0","2","0","0","2","0","0","0","1","2","2","0","0","0","0","2","0","0","2",6.681,7.244
"2","0","0","0","0","0","0","0","0","2","2","0","2","0","0","0","0","2","2",7.549,14.686
"0","2","2","2","2","0","0","0","0","2","2","2","0","0","0","0","0","0","0",8.016,11.933
"0","2","0","2","0","0","0","0","0","2","2","2","0","2","0","0","2","0","2",5.137,15.408
"0","0","2","0","0","0","0","0","0","0","2","0","0","0","0","0","0","0","0",2.154,10.817
"0","0","2","2","0","0","0","0","0","0","0","1","2","0","0","0","0","0","2",5.862,16.712
"2","0","0","2","0","0","0","0","0","0","2","2","2","0","2","0","0","2","2",9.3,11.426
"2","2","0","0","0","2","2","2","1","0","0","1","0","2","0","0","2","0","0",12.401,11.932
"0","2","0","2","0","0","0","0","0","2","2","2","0","2","0","0","2","0","2",6.773,10.201
"0","2","0","2","0","2","2","0","0","0","0","0","2","0","2","2","2","0","0",7.949,10.361
"0","2","0","2","2","2","0","0","1","0","2","0","0","0","0","2","0","2","2",1.353,9.596
"2","2","2","0","0","0","0","0","2","0","0","0","0","2","2","2","0","0","0",11.149,12.176
"0","2","0","2","0","0","2","2","2","2","0","0","0","0","0","0","2","0","2",6.686,6.452
"2","2","0","0","0","0","0","2","0","0","2","1","2","0","0","0","2","2","0",9.312,4.066
"0","2","0","2","2","0","0","0","0","2","0","2","0","2","0","0","0","0","0",6.156,10.059
"0","0","0","0","0","2","0","0","2","2","2","0","2","0","0","0","0","0","2",12.037,9.344
"0","0","0","2","0","0","0","0","1","0","0","2","0","0","0","2","0","0","2",2.351,11.816
"0","0","0","0","0","0","2","0","2","0","2","2","2","0","0","0","2","0","2",13.818,9.173
"2","2","0","0","0","2","2","2","2","0","0","1","0","2","0","0","2","0","0",7.366,4.88
"0","0","0","0","0","0","2","0","2","2","2","1","2","0","0","0","0","0","2",9.483,12.724
"0","0","2","2","0","2","0","2","2","0","2","2","2","0","0","2","0","0","0",5.494,13.743
"2","2","0","2","0","0","0","0","0","0","2","0","0","0","0","0","0","2","2",8.519,16.329
"0","0","0","0","0","0","0","0","2","2","0","0","2","0","2","0","0","0","2",-1.111,11.567
